timestamp,blob_x,blob_y,target_x,target_y,Kp,Ki,Kd,dt,output_x,output_y,motor_speed_1,motor_speed_2
2024-11-11 04:16:58,311,272,320,240,0.1,0.01,0.05,0.1,1.9264999999999999,-19.232,1501.9265,1480.768
2024-11-11 04:16:58,312,264,320,240,0.1,0.01,0.05,0.1,-2.3655,1.5439999999999996,1497.6345,1501.544
2024-11-11 04:16:58,312,255,320,240,0.1,0.01,0.05,0.1,-1.1275,2.9290000000000003,1498.8725,1502.929
2024-11-11 04:16:58,311,248,320,240,0.1,0.01,0.05,0.1,-0.3584999999999998,2.621,1499.6415,1502.621
2024-11-11 04:16:58,310,243,320,240,0.1,0.01,0.05,0.1,0.36149999999999993,2.118,1500.3615,1502.118
2024-11-11 04:16:58,309,239,320,240,0.1,0.01,0.05,0.1,1.1225,2.019,1501.1225,1502.019
2024-11-11 04:16:58,307,237,320,240,0.1,0.01,0.05,0.1,2.3755,1.222,1502.3755,1501.222
2024-11-11 04:16:58,305,237,320,240,0.1,0.01,0.05,0.1,3.0705,0.22500000000000003,1503.0705,1500.225
2024-11-11 04:16:58,301,239,320,240,0.1,0.01,0.05,0.1,5.319500000000001,-0.974,1505.3195,1499.026
2024-11-11 04:16:58,296,243,320,240,0.1,0.01,0.05,0.1,7.2435,-2.3770000000000002,1507.2435,1497.623
2024-11-11 04:16:58,290,249,320,240,0.1,0.01,0.05,0.1,9.0535,-3.9859999999999998,1509.0535,1496.014
2024-11-11 04:16:58,283,256,320,240,0.1,0.01,0.05,0.1,10.4305,-5.202,1510.4305,1494.798
2024-11-11 04:16:58,276,265,320,240,0.1,0.01,0.05,0.1,11.3945,-7.127,1511.3945,1492.873
2024-11-11 04:16:58,271,275,320,240,0.1,0.01,0.05,0.1,11.2935,-8.661999999999999,1511.2935,1491.338
2024-11-11 04:16:59,266,285,320,240,0.1,0.01,0.05,0.1,12.287500000000001,-9.707,1512.2875,1490.293
2024-11-11 04:16:59,262,297,320,240,0.1,0.01,0.05,0.1,12.4055,-11.964,1512.4055,1488.036
2024-11-11 04:16:59,259,308,320,240,0.1,0.01,0.05,0.1,12.1765,-12.632000000000001,1512.1765,1487.368
2024-11-11 04:16:59,256,319,320,240,0.1,0.01,0.05,0.1,12.3305,-13.811,1512.3305,1486.189
2024-11-11 04:16:59,253,330,320,240,0.1,0.01,0.05,0.1,12.317499999999999,-15.001,1512.3175,1484.999
2024-11-11 04:16:59,250,340,320,240,0.1,0.01,0.05,0.1,12.3675,-15.600999999999999,1512.3675,1484.399
2024-11-11 04:16:59,248,349,320,240,0.1,0.01,0.05,0.1,11.5795,-16.11,1511.5795,1483.89
2024-11-11 04:16:59,246,356,320,240,0.1,0.01,0.05,0.1,11.3735,-15.926000000000002,1511.3735,1484.074
2024-11-11 04:16:59,246,361,320,240,0.1,0.01,0.05,0.1,10.047500000000001,-15.547,1510.0475,1484.453
2024-11-11 04:16:59,248,366,320,240,0.1,0.01,0.05,0.1,8.3495,-16.173000000000002,1508.3495,1483.827
2024-11-11 04:16:59,252,368,320,240,0.1,0.01,0.05,0.1,6.027500000000002,-15.001000000000001,1506.0275,1484.999
2024-11-11 04:16:59,255,368,320,240,0.1,0.01,0.05,0.1,5.4025,-14.129000000000001,1505.4025,1485.871
2024-11-11 04:16:59,259,365,320,240,0.1,0.01,0.05,0.1,3.8735000000000004,-12.454,1503.8735,1487.546
2024-11-11 04:16:59,262,361,320,240,0.1,0.01,0.05,0.1,3.7115000000000014,-11.675,1503.7115000000001,1488.325
2024-11-11 04:16:59,265,356,320,240,0.1,0.01,0.05,0.1,2.9565,-10.791,1502.9565,1489.209
2024-11-11 04:17:00,267,348,320,240,0.1,0.01,0.05,0.1,2.699500000000001,-8.599,1502.6995,1491.401
2024-11-11 04:17:00,270,339,320,240,0.1,0.01,0.05,0.1,1.2894999999999999,-7.298,1501.2895,1492.702
2024-11-11 04:17:00,273,329,320,240,0.1,0.01,0.05,0.1,0.6764999999999999,-5.8870000000000005,1500.6765,1494.113
2024-11-11 04:17:00,277,318,320,240,0.1,0.01,0.05,0.1,-0.48050000000000015,-4.365,1499.5195,1495.635
2024-11-11 04:17:00,280,306,320,240,0.1,0.01,0.05,0.1,-0.3905000000000003,-2.731,1499.6095,1497.269
2024-11-11 04:17:00,284,294,320,240,0.1,0.01,0.05,0.1,-1.2045000000000003,-1.5850000000000009,1498.7955,1498.415
2024-11-11 04:17:00,287,282,320,240,0.1,0.01,0.05,0.1,-0.6414999999999997,-0.4269999999999996,1499.3585,1499.573
2024-11-11 04:17:00,288,271,320,240,0.1,0.01,0.05,0.1,0.5705,0.14199999999999946,1500.5705,1500.142
2024-11-11 04:17:00,288,259,320,240,0.1,0.01,0.05,0.1,1.2025000000000001,1.8229999999999995,1501.2025,1501.823
2024-11-11 04:17:00,287,250,320,240,0.1,0.01,0.05,0.1,2.0055,1.213,1502.0055,1501.213
2024-11-11 04:17:00,285,240,320,240,0.1,0.01,0.05,0.1,3.2904999999999998,2.713,1503.2905,1502.713
2024-11-11 04:17:00,284,233,320,240,0.1,0.01,0.05,0.1,3.9265000000000008,1.92,1503.9265,1501.92
2024-11-11 04:17:00,282,227,320,240,0.1,0.01,0.05,0.1,5.3745,2.0330000000000004,1505.3745,1502.033
2024-11-11 04:17:00,281,224,320,240,0.1,0.01,0.05,0.1,5.6535,0.8490000000000002,1505.6535,1500.849
2024-11-11 04:17:00,280,223,320,240,0.1,0.01,0.05,0.1,6.2535,-0.03399999999999981,1506.2535,1499.966
2024-11-11 04:17:01,277,222,320,240,0.1,0.01,0.05,0.1,8.1965,0.08399999999999985,1508.1965,1500.084
2024-11-11 04:17:01,274,225,320,240,0.1,0.01,0.05,0.1,9.2925,-2.201,1509.2925,1497.799
2024-11-11 04:17:01,270,229,320,240,0.1,0.01,0.05,0.1,11.0925,-3.09,1511.0925,1496.91
2024-11-11 04:17:01,266,236,320,240,0.1,0.01,0.05,0.1,12.1865,-5.286,1512.1865,1494.714
2024-11-11 04:17:01,262,243,320,240,0.1,0.01,0.05,0.1,13.204500000000003,-5.989,1513.2045,1494.011
2024-11-11 04:17:01,258,252,320,240,0.1,0.01,0.05,0.1,14.0965,-7.901,1514.0965,1492.099
2024-11-11 04:17:01,255,263,320,240,0.1,0.01,0.05,0.1,14.0815,-10.024000000000001,1514.0815,1489.976
2024-11-11 04:17:01,254,274,320,240,0.1,0.01,0.05,0.1,13.3375,-11.158000000000001,1513.3375,1488.842
2024-11-11 04:17:01,253,286,320,240,0.1,0.01,0.05,0.1,13.6445,-12.904,1513.6445,1487.096
2024-11-11 04:17:01,252,297,320,240,0.1,0.01,0.05,0.1,14.032500000000002,-13.561,1514.0325,1486.439
2024-11-11 04:17:01,251,309,320,240,0.1,0.01,0.05,0.1,14.1415,-15.33,1514.1415,1484.67
2024-11-11 04:17:01,250,321,320,240,0.1,0.01,0.05,0.1,13.9515,-16.611,1513.9515,1483.389
2024-11-11 04:17:01,249,331,320,240,0.1,0.01,0.05,0.1,13.5225,-16.701999999999998,1513.5225,1483.298
2024-11-11 04:17:01,249,341,320,240,0.1,0.01,0.05,0.1,12.6635,-17.803,1512.6635,1482.197
2024-11-11 04:17:01,249,348,320,240,0.1,0.01,0.05,0.1,12.244500000000002,-17.111,1512.2445,1482.889
2024-11-11 04:17:02,251,355,320,240,0.1,0.01,0.05,0.1,10.553500000000003,-17.926000000000002,1510.5535,1482.074
2024-11-11 04:17:02,253,359,320,240,0.1,0.01,0.05,0.1,9.780500000000002,-16.945,1509.7805,1483.055
2024-11-11 04:17:02,256,361,320,240,0.1,0.01,0.05,0.1,8.3945,-16.266000000000002,1508.3945,1483.734
2024-11-11 04:17:02,260,362,320,240,0.1,0.01,0.05,0.1,6.834500000000001,-15.988000000000001,1506.8345,1484.012
2024-11-11 04:17:02,262,361,320,240,0.1,0.01,0.05,0.1,6.722500000000001,-15.009000000000002,1506.7225,1484.991
2024-11-11 04:17:02,264,357,320,240,0.1,0.01,0.05,0.1,5.698500000000001,-13.226,1505.6985,1486.774
2024-11-11 04:17:02,266,351,320,240,0.1,0.01,0.05,0.1,5.0525,-11.737000000000002,1505.0525,1488.263
2024-11-11 04:17:02,267,344,320,240,0.1,0.01,0.05,0.1,5.265500000000001,-10.641,1505.2655,1489.359
2024-11-11 04:17:02,269,336,320,240,0.1,0.01,0.05,0.1,4.266500000000002,-9.437000000000001,1504.2665,1490.563
2024-11-11 04:17:02,271,326,320,240,0.1,0.01,0.05,0.1,3.4955000000000007,-7.523,1503.4955,1492.477
2024-11-11 04:17:02,273,315,320,240,0.1,0.01,0.05,0.1,2.8425000000000002,-5.998000000000001,1502.8425,1494.002
2024-11-11 04:17:02,275,304,320,240,0.1,0.01,0.05,0.1,2.557500000000001,-4.962,1502.5575,1495.038
2024-11-11 04:17:02,277,292,320,240,0.1,0.01,0.05,0.1,2.3705000000000007,-3.314,1502.3705,1496.686
2024-11-11 04:17:02,278,280,320,240,0.1,0.01,0.05,0.1,3.0425000000000013,-2.154,1503.0425,1497.846
2024-11-11 04:17:02,277,268,320,240,0.1,0.01,0.05,0.1,4.4355,-0.9820000000000011,1504.4355,1499.018
2024-11-11 04:17:03,276,257,320,240,0.1,0.01,0.05,0.1,4.9995,-0.3990000000000009,1504.9995,1499.601
2024-11-11 04:17:03,274,247,320,240,0.1,0.01,0.05,0.1,6.015500000000001,0.09399999999999942,1506.0155,1500.094
2024-11-11 04:17:03,272,239,320,240,0.1,0.01,0.05,0.1,6.683500000000002,-0.10500000000000043,1506.6835,1499.895
2024-11-11 04:17:03,271,231,320,240,0.1,0.01,0.05,0.1,6.662500000000001,0.7039999999999993,1506.6625,1500.704
2024-11-11 04:17:03,269,225,320,240,0.1,0.01,0.05,0.1,8.2735,0.31899999999999995,1508.2735,1500.319
2024-11-11 04:17:03,269,221,320,240,0.1,0.01,0.05,0.1,8.154500000000002,-0.26200000000000045,1508.1545,1499.738
2024-11-11 04:17:03,267,219,320,240,0.1,0.01,0.05,0.1,10.227500000000003,-1.041,1510.2275,1498.959
2024-11-11 04:17:03,265,219,320,240,0.1,0.01,0.05,0.1,11.012500000000001,-2.02,1511.0125,1497.98
2024-11-11 04:17:03,263,221,320,240,0.1,0.01,0.05,0.1,11.739500000000001,-3.2009999999999996,1511.7395,1496.799
2024-11-11 04:17:03,259,225,320,240,0.1,0.01,0.05,0.1,13.860500000000002,-4.586,1513.8605,1495.414
2024-11-11 04:17:03,256,230,320,240,0.1,0.01,0.05,0.1,14.554500000000003,-5.5760000000000005,1514.5545,1494.424
2024-11-11 04:17:03,253,238,320,240,0.1,0.01,0.05,0.1,15.511500000000002,-7.8740000000000006,1515.5115,1492.126
2024-11-11 04:17:03,251,247,320,240,0.1,0.01,0.05,0.1,15.810500000000001,-9.281,1515.8105,1490.719
2024-11-11 04:17:03,250,257,320,240,0.1,0.01,0.05,0.1,15.7705,-10.798,1515.7705,1489.202
2024-11-11 04:17:03,249,268,320,240,0.1,0.01,0.05,0.1,16.131500000000003,-12.426,1516.1315,1487.574
2024-11-11 04:17:04,250,280,320,240,0.1,0.01,0.05,0.1,15.031500000000001,-14.166,1515.0315,1485.834
2024-11-11 04:17:04,249,291,320,240,0.1,0.01,0.05,0.1,16.142500000000002,-14.817,1516.1425,1485.183
2024-11-11 04:17:04,249,303,320,240,0.1,0.01,0.05,0.1,15.713500000000003,-16.580000000000002,1515.7135,1483.42
2024-11-11 04:17:04,248,315,320,240,0.1,0.01,0.05,0.1,16.445500000000003,-17.855,1516.4455,1482.145
2024-11-11 04:17:04,248,326,320,240,0.1,0.01,0.05,0.1,15.607500000000002,-18.541,1515.6075,1481.459
2024-11-11 04:17:04,248,336,320,240,0.1,0.01,0.05,0.1,15.219500000000002,-19.137,1515.2195,1480.863
2024-11-11 04:17:04,249,344,320,240,0.1,0.01,0.05,0.1,13.900500000000001,-19.041,1513.9005,1480.959
2024-11-11 04:17:04,251,351,320,240,0.1,0.01,0.05,0.1,12.729500000000002,-19.352000000000004,1512.7295,1480.648
2024-11-11 04:17:04,254,356,320,240,0.1,0.01,0.05,0.1,11.455500000000002,-18.968000000000004,1511.4555,1481.032
2024-11-11 04:17:04,257,359,320,240,0.1,0.01,0.05,0.1,10.608500000000001,-18.387,1510.6085,1481.613
2024-11-11 04:17:04,259,360,320,240,0.1,0.01,0.05,0.1,10.319500000000001,-17.607,1510.3195,1482.393
2024-11-11 04:17:04,262,360,320,240,0.1,0.01,0.05,0.1,8.947500000000002,-17.227,1508.9475,1482.773
2024-11-11 04:17:04,263,357,320,240,0.1,0.01,0.05,0.1,9.014500000000002,-15.544000000000004,1509.0145,1484.456
2024-11-11 04:17:04,265,353,320,240,0.1,0.01,0.05,0.1,7.529500000000002,-14.757000000000001,1507.5295,1485.243
2024-11-11 04:17:04,267,347,320,240,0.1,0.01,0.05,0.1,6.9525000000000015,-13.264000000000003,1506.9525,1486.736
2024-11-11 04:17:05,268,339,320,240,0.1,0.01,0.05,0.1,7.004500000000002,-11.563000000000002,1507.0045,1488.437
2024-11-11 04:17:05,271,330,320,240,0.1,0.01,0.05,0.1,5.563500000000002,-10.253,1505.5635,1489.747
2024-11-11 04:17:05,273,320,320,240,0.1,0.01,0.05,0.1,5.510500000000002,-8.833000000000002,1505.5105,1491.167
2024-11-11 04:17:05,276,309,320,240,0.1,0.01,0.05,0.1,4.314500000000002,-7.302,1504.3145,1492.698
2024-11-11 04:17:05,278,298,320,240,0.1,0.01,0.05,0.1,4.396500000000002,-6.260000000000002,1504.3965,1493.74
2024-11-11 04:17:05,279,286,320,240,0.1,0.01,0.05,0.1,4.907500000000002,-4.606000000000002,1504.9075,1495.394
2024-11-11 04:17:05,279,275,320,240,0.1,0.01,0.05,0.1,5.818500000000003,-4.041,1505.8185,1495.959
2024-11-11 04:17:05,278,264,320,240,0.1,0.01,0.05,0.1,6.790500000000002,-2.965,1506.7905,1497.035
2024-11-11 04:17:05,277,254,320,240,0.1,0.01,0.05,0.1,7.263500000000003,-2.479,1507.2635,1497.521
2024-11-11 04:17:05,277,245,320,240,0.1,0.01,0.05,0.1,7.256500000000003,-2.0839999999999996,1507.2565,1497.916
2024-11-11 04:17:05,276,236,320,240,0.1,0.01,0.05,0.1,7.8705000000000025,-1.1799999999999997,1507.8705,1498.82
2024-11-11 04:17:05,275,230,320,240,0.1,0.01,0.05,0.1,9.225500000000002,-2.0700000000000003,1509.2255,1497.93
2024-11-11 04:17:05,272,225,320,240,0.1,0.01,0.05,0.1,10.243500000000003,-2.0549999999999997,1510.2435,1497.945
2024-11-11 04:17:05,269,222,320,240,0.1,0.01,0.05,0.1,12.064500000000002,-2.737000000000001,1512.0645,1497.263
2024-11-11 04:17:05,267,220,320,240,0.1,0.01,0.05,0.1,12.097500000000002,-3.0170000000000003,1512.0975,1496.983
2024-11-11 04:17:06,268,223,320,240,0.1,0.01,0.05,0.1,14.089500000000003,-5.8,1514.0895,1494.2
2024-11-11 04:17:06,271,230,320,240,0.1,0.01,0.05,0.1,12.568500000000004,-8.49,1512.5685,1491.51
2024-11-11 04:17:06,274,238,320,240,0.1,0.01,0.05,0.1,9.624500000000001,-9.788,1509.6245,1490.212
2024-11-11 04:17:06,276,246,320,240,0.1,0.01,0.05,0.1,11.828500000000002,-10.594,1511.8285,1489.406
2024-11-11 04:17:06,273,259,320,240,0.1,0.01,0.05,0.1,19.625500000000002,-14.413,1519.6255,1485.587
2024-11-11 04:17:06,266,276,320,240,0.1,0.01,0.05,0.1,21.7495,-18.149,1521.7495,1481.851
2024-11-11 04:17:06,259,294,320,240,0.1,0.01,0.05,0.1,20.650500000000005,-20.503,1520.6505,1479.497
2024-11-11 04:17:06,250,310,320,240,0.1,0.01,0.05,0.1,22.430500000000002,-21.173000000000002,1522.4305,1478.827
2024-11-11 04:17:06,245,328,320,240,0.1,0.01,0.05,0.1,24.965500000000002,-24.061,1524.9655,1475.939
2024-11-11 04:17:06,242,349,320,240,0.1,0.01,0.05,0.1,25.033500000000004,-27.77,1525.0335,1472.23
2024-11-11 04:17:06,242,369,320,240,0.1,0.01,0.05,0.1,20.3915,-29.399,1520.3915,1470.601
2024-11-11 04:17:06,241,384,320,240,0.1,0.01,0.05,0.1,18.500500000000002,-28.543,1518.5005,1471.457
2024-11-11 04:17:06,240,397,320,240,0.1,0.01,0.05,0.1,19.9805,-29.0,1519.9805,1471.0
2024-11-11 04:17:06,233,411,320,240,0.1,0.01,0.05,0.1,25.727500000000003,-31.071,1525.7275,1468.929
2024-11-11 04:17:06,222,423,320,240,0.1,0.01,0.05,0.1,26.755500000000005,-31.454,1526.7555,1468.546
2024-11-11 04:17:07,209,430,320,240,0.1,0.01,0.05,0.1,24.766500000000004,-29.843999999999998,1524.7665,1470.156
2024-11-11 04:17:07,197,433,320,240,0.1,0.01,0.05,0.1,26.529500000000002,-28.337,1526.5295,1471.663
2024-11-11 04:17:07,190,436,320,240,0.1,0.01,0.05,0.1,28.2895,-28.833,1528.2895,1471.167
2024-11-11 04:17:07,193,438,320,240,0.1,0.01,0.05,0.1,10.626500000000002,-28.730999999999998,1510.6265,1471.269
2024-11-11 04:17:07,205,430,320,240,0.1,0.01,0.05,0.1,1.2815000000000012,-23.121,1501.2815,1476.879
2024-11-11 04:17:07,216,427,320,240,0.1,0.01,0.05,0.1,14.085500000000001,-25.507999999999996,1514.0855,1474.492
2024-11-11 04:17:07,224,433,320,240,0.1,0.01,0.05,0.1,22.401500000000002,-30.801,1522.4015,1469.199
2024-11-11 04:17:07,227,440,320,240,0.1,0.01,0.05,0.1,15.7645,-32.201,1515.7645,1467.799
2024-11-11 04:17:07,226,436,320,240,0.1,0.01,0.05,0.1,12.468499999999999,-26.497,1512.4685,1473.503
2024-11-11 04:17:07,217,431,320,240,0.1,0.01,0.05,0.1,26.0615,-25.688000000000002,1526.0615,1474.312
2024-11-11 04:17:07,209,433,320,240,0.1,0.01,0.05,0.1,29.5025,-29.581,1529.5025,1470.419
2024-11-11 04:17:07,216,444,320,240,0.1,0.01,0.05,0.1,27.6565,-35.385,1527.6565,1464.615
2024-11-11 04:17:07,237,455,320,240,0.1,0.01,0.05,0.1,10.829500000000003,-36.699999999999996,1510.8295,1463.3
2024-11-11 04:17:07,267,461,320,240,0.1,0.01,0.05,0.1,-3.8174999999999994,-35.021,1496.1825,1464.979
2024-11-11 04:17:07,293,466,320,240,0.1,0.01,0.05,0.1,-3.2305000000000015,-35.247,1496.7695,1464.753
2024-11-11 04:17:08,116,450,320,240,0.1,0.01,0.05,0.1,118.01350000000001,-23.357,1618.0135,1476.643
2024-11-11 04:17:08,92,433,320,240,0.1,0.01,0.05,0.1,49.5015,-21.349999999999998,1549.5015,1478.65
2024-11-11 04:17:08,75,416,320,240,0.1,0.01,0.05,0.1,53.8865,-19.826,1553.8865,1480.174
2024-11-11 04:17:09,76,403,320,240,0.1,0.01,0.05,0.1,47.8605,-20.688999999999997,1547.8605,1479.311
2024-11-11 04:17:09,98,392,320,240,0.1,0.01,0.05,0.1,30.652500000000003,-20.741,1530.6525,1479.259
2024-11-11 04:17:09,132,380,320,240,0.1,0.01,0.05,0.1,13.7005,-19.180999999999997,1513.7005,1480.819
2024-11-11 04:17:09,166,372,320,240,0.1,0.01,0.05,0.1,2.6245000000000003,-20.512999999999998,1502.6245,1479.487
2024-11-11 04:17:09,187,364,320,240,0.1,0.01,0.05,0.1,5.357499999999998,-19.836999999999996,1505.3575,1480.163
2024-11-11 04:17:09,186,361,320,240,0.1,0.01,0.05,0.1,20.741499999999995,-22.158,1520.7415,1477.842
2024-11-11 04:17:09,165,360,320,240,0.1,0.01,0.05,0.1,37.5265,-23.177999999999997,1537.5265,1476.8220000000001
2024-11-11 04:17:09,132,358,320,240,0.1,0.01,0.05,0.1,60.3845,-22.595999999999997,1560.3845000000001,1477.404
2024-11-11 04:17:09,103,359,320,240,0.1,0.01,0.05,0.1,68.5815,-24.314999999999998,1568.5815,1475.685
2024-11-11 04:17:09,74,370,320,240,0.1,0.01,0.05,0.1,100.7875,-30.544999999999998,1600.7875,1469.455
2024-11-11 04:17:09,77,374,320,240,0.1,0.01,0.05,0.1,67.54050000000001,-27.579,1567.5405,1472.421
2024-11-11 04:17:09,122,354,320,240,0.1,0.01,0.05,0.1,5.408499999999995,-13.692999999999998,1505.4085,1486.307
2024-11-11 04:17:09,180,309,320,240,0.1,0.01,0.05,0.1,-42.1415,3.2379999999999995,1457.8585,1503.238
2024-11-11 04:17:09,243,255,320,240,0.1,0.01,0.05,0.1,-63.39450000000001,13.123,1436.6055,1513.123
2024-11-11 04:17:09,311,226,320,240,0.1,0.01,0.05,0.1,-52.3355,3.537000000000001,1447.6645,1503.537
2024-11-11 04:17:10,364,256,320,240,0.1,0.01,0.05,0.1,0.9405000000000001,-28.979,1500.9405,1471.021
2024-11-11 04:17:10,373,354,320,240,0.1,0.01,0.05,0.1,23.927499999999995,-72.893,1523.9275,1427.107
2024-11-11 04:17:10,329,431,320,240,0.1,0.01,0.05,0.1,17.658499999999997,-70.28399999999999,1517.6585,1429.716
2024-11-11 04:17:10,262,446,320,240,0.1,0.01,0.05,0.1,31.1465,-40.99,1531.1465,1459.01
2024-11-11 04:17:10,186,439,320,240,0.1,0.01,0.05,0.1,79.32050000000001,-29.489000000000004,1579.3205,1470.511
2024-11-11 04:17:10,122,434,320,240,0.1,0.01,0.05,0.1,91.5085,-30.183,1591.5085,1469.817
2024-11-11 04:17:10,88,391,320,240,0.1,0.01,0.05,0.1,42.3305,-7.033999999999999,1542.3305,1492.966
2024-11-11 04:17:10,91,307,320,240,0.1,0.01,0.05,0.1,-1.5904999999999987,21.799,1498.4095,1521.799
2024-11-11 04:17:10,131,217,320,240,0.1,0.01,0.05,0.1,-7.891500000000001,33.822,1492.1085,1533.8220000000001
2024-11-11 04:17:10,204,172,320,240,0.1,0.01,0.05,0.1,-0.40549999999999997,15.89,1499.5945,1515.89
2024-11-11 04:17:10,296,189,320,240,0.1,0.01,0.05,0.1,-21.441499999999998,-16.759,1478.5585,1483.241
2024-11-11 04:17:10,378,246,320,240,0.1,0.01,0.05,0.1,-46.1895,-42.465,1453.8105,1457.535
2024-11-11 04:17:10,422,321,320,240,0.1,0.01,0.05,0.1,-33.941500000000005,-59.046,1466.0585,1440.954
2024-11-11 04:17:10,407,412,320,240,0.1,0.01,0.05,0.1,16.531499999999998,-76.318,1516.5315,1423.682
2024-11-11 04:17:11,55,425,320,240,0.1,0.01,0.05,0.1,210.3065,-38.803,1710.3065,1461.1970000000001
2024-11-11 04:17:11,28,339,320,240,0.1,0.01,0.05,0.1,73.7085,19.198,1573.7085,1519.198
2024-11-11 04:17:11,47,264,320,240,0.1,0.01,0.05,0.1,47.671499999999995,21.174,1547.6715,1521.174
2024-11-11 04:17:11,111,205,320,240,0.1,0.01,0.05,0.1,-7.1694999999999975,19.108999999999998,1492.8305,1519.109
2024-11-11 04:17:11,214,166,320,240,0.1,0.01,0.05,0.1,-45.2635,13.083,1454.7365,1513.083
2024-11-11 04:17:11,326,177,320,240,0.1,0.01,0.05,0.1,-45.73950000000001,-12.954,1454.2605,1487.046
2024-11-11 04:17:11,405,256,320,240,0.1,0.01,0.05,0.1,-32.734500000000004,-54.87,1467.2655,1445.13
2024-11-11 04:17:11,413,357,320,240,0.1,0.01,0.05,0.1,-17.1175,-76.087,1482.8825,1423.913
2024-11-11 04:17:11,350,413,320,240,0.1,0.01,0.05,0.1,20.7725,-59.36,1520.7725,1440.64
2024-11-11 04:17:11,255,428,320,240,0.1,0.01,0.05,0.1,66.92750000000001,-40.548,1566.9275,1459.452
2024-11-11 04:17:11,167,417,320,240,0.1,0.01,0.05,0.1,93.88050000000001,-26.625,1593.8805,1473.375
2024-11-11 04:17:11,120,385,320,240,0.1,0.01,0.05,0.1,74.9005,-13.07,1574.9005,1486.93
2024-11-11 04:17:11,127,337,320,240,0.1,0.01,0.05,0.1,29.413500000000003,-0.36700000000000443,1529.4135,1499.633
2024-11-11 04:17:12,182,291,320,240,0.1,0.01,0.05,0.1,-8.1485,3.1819999999999986,1491.8515,1503.182
2024-11-11 04:17:12,264,277,320,240,0.1,0.01,0.05,0.1,-28.832500000000003,-11.455000000000002,1471.1675,1488.545
2024-11-11 04:17:12,346,311,320,240,0.1,0.01,0.05,0.1,-46.3985,-38.926,1453.6015,1461.074
2024-11-11 04:17:12,372,360,320,240,0.1,0.01,0.05,0.1,-35.6805,-51.446,1464.3195,1448.554
2024-11-11 04:17:12,327,402,320,240,0.1,0.01,0.05,0.1,14.392500000000002,-52.308,1514.3925,1447.692
2024-11-11 04:17:12,234,422,320,240,0.1,0.01,0.05,0.1,71.2385,-43.49,1571.2385,1456.51
2024-11-11 04:17:12,137,416,320,240,0.1,0.01,0.05,0.1,96.30149999999999,-30.066000000000003,1596.3015,1469.934
2024-11-11 04:17:12,74,372,320,240,0.1,0.01,0.05,0.1,85.2375,-6.798000000000002,1585.2375,1493.202
2024-11-11 04:17:12,70,302,320,240,0.1,0.01,0.05,0.1,51.58749999999999,13.14,1551.5875,1513.14
2024-11-11 04:17:12,126,243,320,240,0.1,0.01,0.05,0.1,9.781500000000001,13.536999999999999,1509.7815,1513.537
2024-11-11 04:17:12,225,213,320,240,0.1,0.01,0.05,0.1,-32.7935,2.064,1467.2065,1502.064
2024-11-11 04:17:12,331,227,320,240,0.1,0.01,0.05,0.1,-60.9645,-21.323,1439.0355,1478.677
2024-11-11 04:17:12,405,279,320,240,0.1,0.01,0.05,0.1,-56.5895,-45.562,1443.4105,1454.438
2024-11-11 04:17:12,405,359,320,240,0.1,0.01,0.05,0.1,-9.124500000000003,-67.68100000000001,1490.8755,1432.319
2024-11-11 04:17:12,328,431,320,240,0.1,0.01,0.05,0.1,55.3375,-71.072,1555.3375,1428.9279999999999
2024-11-11 04:17:13,216,466,320,240,0.1,0.01,0.05,0.1,99.45150000000001,-56.298,1599.4515000000001,1443.702
2024-11-11 04:17:13,112,457,320,240,0.1,0.01,0.05,0.1,99.28949999999999,-33.615,1599.2895,1466.385
2024-11-11 04:17:13,61,398,320,240,0.1,0.01,0.05,0.1,67.0785,-2.8730000000000047,1567.0785,1497.127
2024-11-11 04:17:13,63,305,320,240,0.1,0.01,0.05,0.1,40.24550000000001,23.362000000000002,1540.2455,1523.362
2024-11-11 04:17:13,122,227,320,240,0.1,0.01,0.05,0.1,3.5835000000000012,23.675,1503.5835,1523.675
2024-11-11 04:17:13,224,184,320,240,0.1,0.01,0.05,0.1,-47.5805,10.530999999999999,1452.4195,1510.531
2024-11-11 04:17:13,340,180,320,240,0.1,0.01,0.05,0.1,-71.3605,-8.509,1428.6395,1491.491
2024-11-11 04:17:13,428,240,320,240,0.1,0.01,0.05,0.1,-52.6485,-46.509,1447.3515,1453.491
2024-11-11 04:17:13,383,472,320,240,0.1,0.01,0.05,0.1,35.7185,-155.941,1535.7185,1344.059
2024-11-11 04:17:13,83,455,320,240,0.1,0.01,0.05,0.1,191.77550000000002,-29.956000000000003,1691.7755,1470.044
2024-11-11 04:17:13,54,389,320,240,0.1,0.01,0.05,0.1,67.8215,0.9949999999999974,1567.8215,1500.995
2024-11-11 04:17:13,68,308,320,240,0.1,0.01,0.05,0.1,34.8235,16.526999999999997,1534.8235,1516.527
2024-11-11 04:17:14,128,243,320,240,0.1,0.01,0.05,0.1,-4.8444999999999965,15.023999999999997,1495.1555,1515.024
2024-11-11 04:17:14,219,209,320,240,0.1,0.01,0.05,0.1,-22.3435,2.9549999999999965,1477.6565,1502.955
2024-11-11 04:17:14,307,237,320,240,0.1,0.01,0.05,0.1,-24.7605,-30.842000000000002,1475.2395,1469.158
2024-11-11 04:17:14,358,305,320,240,0.1,0.01,0.05,0.1,-25.888500000000004,-57.70700000000001,1474.1115,1442.293
2024-11-11 04:17:14,347,364,320,240,0.1,0.01,0.05,0.1,-0.4355000000000011,-59.231,1499.5645,1440.769
2024-11-11 04:17:14,290,384,320,240,0.1,0.01,0.05,0.1,24.904499999999995,-41.87500000000001,1524.9045,1458.125
2024-11-11 04:17:14,222,373,320,240,0.1,0.01,0.05,0.1,56.9525,-25.408000000000005,1556.9525,1474.592
2024-11-11 04:17:14,175,347,320,240,0.1,0.01,0.05,0.1,81.7275,-15.415000000000006,1581.7275,1484.585
2024-11-11 04:17:14,167,333,320,240,0.1,0.01,0.05,0.1,96.2805,-20.108000000000004,1596.2805,1479.892
2024-11-11 04:17:14,212,336,320,240,0.1,0.01,0.05,0.1,-15.441500000000005,-29.004000000000005,1484.5585,1470.996
2024-11-11 04:17:14,292,287,320,240,0.1,0.01,0.05,0.1,-118.4635,1.8489999999999966,1381.5365,1501.849
2024-11-11 04:17:14,380,242,320,240,0.1,0.01,0.05,0.1,-66.80350000000001,4.346999999999998,1433.1965,1504.347
2024-11-11 04:17:15,6,393,320,240,0.1,0.01,0.05,0.1,307.93050000000005,-108.906,1807.9305,1391.094
2024-11-11 04:17:15,0,362,320,240,0.1,0.01,0.05,0.1,125.1905,-14.928000000000004,1625.1905,1485.072
2024-11-11 04:17:15,28,309,320,240,0.1,0.01,0.05,0.1,35.4525,1.3029999999999973,1535.4525,1501.3029999999999
2024-11-11 04:17:15,119,226,320,240,0.1,0.01,0.05,0.1,-56.9065,24.616999999999994,1443.0935,1524.617
2024-11-11 04:17:15,234,175,320,240,0.1,0.01,0.05,0.1,-38.5205,13.781999999999996,1461.4795,1513.782
2024-11-11 04:17:15,358,221,320,240,0.1,0.01,0.05,0.1,-21.668500000000005,-39.29900000000001,1478.3315,1460.701
2024-11-11 04:17:15,437,352,320,240,0.1,0.01,0.05,0.1,-32.465500000000006,-95.011,1467.5345,1404.989
2024-11-11 04:17:15,414,450,320,240,0.1,0.01,0.05,0.1,-27.15950000000001,-88.521,1472.8405,1411.479
2024-11-11 04:17:15,319,469,320,240,0.1,0.01,0.05,0.1,43.091499999999996,-51.150000000000006,1543.0915,1448.85
2024-11-11 04:17:15,11,418,320,240,0.1,0.01,0.05,0.1,164.8705,-11.228000000000009,1664.8705,1488.772
2024-11-11 04:17:15,0,274,320,240,0.1,0.01,0.05,0.1,11.440499999999993,49.63799999999999,1511.4405,1549.638
2024-11-11 04:17:16,37,138,320,240,0.1,0.01,0.05,0.1,40.073499999999996,59.339999999999996,1540.0735,1559.34
2024-11-11 04:17:16,154,90,320,240,0.1,0.01,0.05,0.1,32.7395,20.289999999999996,1532.7395,1520.29
2024-11-11 04:17:16,326,141,320,240,0.1,0.01,0.05,0.1,-52.4465,-34.211000000000006,1447.5535,1465.789
2024-11-11 04:17:16,480,221,320,240,0.1,0.01,0.05,0.1,-130.81650000000002,-56.69200000000001,1369.1835,1443.308
2024-11-11 04:17:16,517,413,320,240,0.1,0.01,0.05,0.1,-3.5135000000000076,-132.065,1496.4865,1367.935
2024-11-11 04:17:16,59,407,320,240,0.1,0.01,0.05,0.1,279.02750000000003,-32.632000000000005,1779.0275000000001,1467.368
2024-11-11 04:17:16,102,345,320,240,0.1,0.01,0.05,0.1,37.56549999999999,1.4629999999999974,1537.5655,1501.463
2024-11-11 04:17:16,174,313,320,240,0.1,0.01,0.05,0.1,-8.66850000000001,-10.410000000000004,1491.3315,1489.59
2024-11-11 04:17:16,249,296,320,240,0.1,0.01,0.05,0.1,-48.047500000000014,-16.266000000000002,1451.9524999999999,1483.734
2024-11-11 04:17:16,309,296,320,240,0.1,0.01,0.05,0.1,-32.87650000000001,-24.822000000000003,1467.1235,1475.1779999999999
2024-11-11 04:17:17,336,356,320,240,0.1,0.01,0.05,0.1,43.91749999999999,-60.938,1543.9175,1439.062
2024-11-11 04:17:17,56,411,320,240,0.1,0.01,0.05,0.1,141.51149999999998,-64.10900000000001,1641.5115,1435.891
2024-11-11 04:17:17,20,301,320,240,0.1,0.01,0.05,0.1,100.46149999999999,29.330000000000002,1600.4615,1529.33
2024-11-11 04:17:17,32,240,320,240,0.1,0.01,0.05,0.1,105.0195,10.930000000000003,1605.0194999999999,1510.93
2024-11-11 04:17:17,107,215,320,240,0.1,0.01,0.05,0.1,18.18249999999999,-4.544999999999998,1518.1825,1495.455
2024-11-11 04:17:17,229,194,320,240,0.1,0.01,0.05,0.1,-79.0865,-4.398999999999997,1420.9135,1495.601
2024-11-11 04:17:17,362,178,320,240,0.1,0.01,0.05,0.1,-92.3185,-5.236999999999998,1407.6815,1494.763
2024-11-11 04:17:17,464,233,320,240,0.1,0.01,0.05,0.1,-33.5925,-46.230000000000004,1466.4075,1453.77
2024-11-11 04:17:17,119,432,320,240,0.1,0.01,0.05,0.1,190.20850000000002,-138.322,1690.2085,1361.6779999999999
2024-11-11 04:17:18,69,358,320,240,0.1,0.01,0.05,0.1,84.24949999999998,5.460000000000001,1584.2495,1505.46
2024-11-11 04:17:18,72,296,320,240,0.1,0.01,0.05,0.1,89.19749999999999,5.604000000000003,1589.1975,1505.604
2024-11-11 04:17:18,132,262,320,240,0.1,0.01,0.05,0.1,16.8055,-5.017999999999997,1516.8055,1494.982
2024-11-11 04:17:18,232,216,320,240,0.1,0.01,0.05,0.1,-71.3965,5.606000000000002,1428.6035,1505.606
2024-11-11 04:17:18,341,168,320,240,0.1,0.01,0.05,0.1,-81.66749999999999,11.478000000000002,1418.3325,1511.478
2024-11-11 04:17:18,461,182,320,240,0.1,0.01,0.05,0.1,-35.298500000000004,-20.863999999999997,1464.7015,1479.136
2024-11-11 04:17:18,29,445,320,240,0.1,0.01,0.05,0.1,244.1125,-171.869,1744.1125,1328.131
2024-11-11 04:17:19,4,388,320,240,0.1,0.01,0.05,0.1,89.1785,-6.316999999999993,1589.1785,1493.683
2024-11-11 04:17:19,34,349,320,240,0.1,0.01,0.05,0.1,75.6545,-11.525999999999996,1575.6545,1488.474
2024-11-11 04:17:19,96,337,320,240,0.1,0.01,0.05,0.1,23.938499999999998,-23.923000000000002,1523.9385,1476.077
2024-11-11 04:17:19,167,322,320,240,0.1,0.01,0.05,0.1,-14.078500000000002,-21.005000000000003,1485.9215,1478.995
2024-11-11 04:17:19,210,312,320,240,0.1,0.01,0.05,0.1,17.3115,-22.576999999999998,1517.3115,1477.423
2024-11-11 04:17:19,235,312,320,240,0.1,0.01,0.05,0.1,-10.793500000000002,-27.648999999999997,1489.2065,1472.351
2024-11-11 04:17:19,269,294,320,240,0.1,0.01,0.05,0.1,-20.9625,-16.903,1479.0375,1483.097
2024-11-11 04:17:19,306,298,320,240,0.1,0.01,0.05,0.1,11.461500000000001,-28.361,1511.4615,1471.639
2024-11-11 04:17:19,347,341,320,240,0.1,0.01,0.05,0.1,26.434500000000003,-52.262,1526.4345,1447.738
2024-11-11 04:17:19,376,408,320,240,0.1,0.01,0.05,0.1,26.828500000000002,-71.13,1526.8285,1428.87
2024-11-11 04:17:19,369,461,320,240,0.1,0.01,0.05,0.1,23.259500000000003,-69.651,1523.2595000000001,1430.349
2024-11-11 04:17:20,77,448,320,240,0.1,0.01,0.05,0.1,186.6425,-35.559,1686.6425,1464.441
2024-11-11 04:17:20,78,403,320,240,0.1,0.01,0.05,0.1,39.234500000000004,-15.222000000000008,1539.2345,1484.778
2024-11-11 04:17:20,93,357,320,240,0.1,0.01,0.05,0.1,27.911500000000004,-10.239000000000004,1527.9115,1489.761
2024-11-11 04:17:20,122,311,320,240,0.1,0.01,0.05,0.1,16.089500000000008,-5.710000000000001,1516.0895,1494.29
2024-11-11 04:17:20,162,273,320,240,0.1,0.01,0.05,0.1,13.437500000000009,-5.943000000000001,1513.4375,1494.057
2024-11-11 04:17:20,212,256,320,240,0.1,0.01,0.05,0.1,26.295500000000008,-14.759000000000004,1526.2955,1485.241
2024-11-11 04:17:20,274,277,320,240,0.1,0.01,0.05,0.1,24.461500000000008,-35.896,1524.4615000000001,1464.104
2024-11-11 04:17:20,334,326,320,240,0.1,0.01,0.05,0.1,19.477500000000006,-54.882,1519.4775,1445.118
2024-11-11 04:17:20,380,387,320,240,0.1,0.01,0.05,0.1,-3.2424999999999935,-67.12899999999999,1496.7575,1432.871
2024-11-11 04:17:20,397,425,320,240,0.1,0.01,0.05,0.1,-18.079499999999992,-59.614,1481.9205,1440.386
2024-11-11 04:17:20,383,458,320,240,0.1,0.01,0.05,0.1,24.577500000000004,-60.632,1524.5775,1439.368
2024-11-11 04:17:21,3,227,320,240,0.1,0.01,0.05,0.1,263.8245,94.48100000000001,1763.8245,1594.481
2024-11-11 04:17:21,62,203,320,240,0.1,0.01,0.05,0.1,26.44250000000001,-6.582000000000001,1526.4425,1493.418
2024-11-11 04:17:21,133,192,320,240,0.1,0.01,0.05,0.1,8.149499999999998,-11.933999999999997,1508.1495,1488.066
2024-11-11 04:17:21,208,204,320,240,0.1,0.01,0.05,0.1,9.7315,-24.597999999999995,1509.7315,1475.402
2024-11-11 04:17:21,265,250,320,240,0.1,0.01,0.05,0.1,25.9265,-46.208,1525.9265,1453.792
2024-11-11 04:17:21,294,317,320,240,0.1,0.01,0.05,0.1,28.802500000000002,-63.485,1528.8025,1436.515
2024-11-11 04:17:21,282,372,320,240,0.1,0.01,0.05,0.1,35.7505,-63.117,1535.7505,1436.883
2024-11-11 04:17:22,237,403,320,240,0.1,0.01,0.05,0.1,57.7535,-54.379999999999995,1557.7535,1445.62
2024-11-11 04:17:22,171,420,320,240,0.1,0.01,0.05,0.1,90.5325,-49.25999999999999,1590.5325,1450.74
2024-11-11 04:17:22,101,424,320,240,0.1,0.01,0.05,0.1,105.2915,-43.343999999999994,1605.2915,1456.656
2024-11-11 04:17:22,57,409,320,240,0.1,0.01,0.05,0.1,81.5345,-32.513,1581.5345,1467.487
2024-11-11 04:17:22,34,351,320,240,0.1,0.01,0.05,0.1,55.080500000000015,-5.323999999999998,1555.0805,1494.676
2024-11-11 04:17:22,37,281,320,240,0.1,0.01,0.05,0.1,42.03350000000001,7.635000000000002,1542.0335,1507.635
2024-11-11 04:17:22,64,209,320,240,0.1,0.01,0.05,0.1,27.899500000000007,15.866000000000003,1527.8995,1515.866
2024-11-11 04:17:22,114,159,320,240,0.1,0.01,0.05,0.1,7.7055000000000025,9.947000000000001,1507.7055,1509.947
2024-11-11 04:17:22,183,119,320,240,0.1,0.01,0.05,0.1,-8.177499999999995,9.068000000000001,1491.8225,1509.068
2024-11-11 04:17:22,263,108,320,240,0.1,0.01,0.05,0.1,6.8695000000000075,-4.200000000000001,1506.8695,1495.8
2024-11-11 04:17:22,350,156,320,240,0.1,0.01,0.05,0.1,17.629500000000007,-38.416,1517.6295,1461.584
2024-11-11 04:17:22,423,271,320,240,0.1,0.01,0.05,0.1,13.726500000000005,-83.447,1513.7265,1416.5529999999999
2024-11-11 04:17:22,432,376,320,240,0.1,0.01,0.05,0.1,-15.5055,-89.083,1484.4945,1410.917
2024-11-11 04:17:22,381,404,320,240,0.1,0.01,0.05,0.1,-7.0164999999999935,-53.547,1492.9835,1446.453
2024-11-11 04:17:22,299,398,320,240,0.1,0.01,0.05,0.1,59.07450000000001,-36.105000000000004,1559.0745,1463.895
2024-11-11 04:17:23,200,408,320,240,0.1,0.01,0.05,0.1,119.0545,-45.273,1619.0545,1454.727
2024-11-11 04:17:23,124,407,320,240,0.1,0.01,0.05,0.1,101.80050000000001,-39.84,1601.8005,1460.16
2024-11-11 04:17:23,87,356,320,240,0.1,0.01,0.05,0.1,46.9435,-9.856000000000002,1546.9435,1490.144
2024-11-11 04:17:23,95,268,320,240,0.1,0.01,0.05,0.1,15.948500000000003,17.415999999999997,1515.9485,1517.416
2024-11-11 04:17:23,142,189,320,240,0.1,0.01,0.05,0.1,18.02650000000001,20.867,1518.0265,1520.867
2024-11-11 04:17:23,223,152,320,240,0.1,0.01,0.05,0.1,7.023500000000004,3.655000000000001,1507.0235,1503.655
2024-11-11 04:17:23,322,152,320,240,0.1,0.01,0.05,0.1,-33.708499999999994,-14.756999999999998,1466.2915,1485.243
2024-11-11 04:17:23,415,166,320,240,0.1,0.01,0.05,0.1,-61.153499999999994,-23.083,1438.8465,1476.917
2024-11-11 04:17:23,489,202,320,240,0.1,0.01,0.05,0.1,-39.6025,-37.644999999999996,1460.3975,1462.355
2024-11-11 04:17:23,544,433,320,240,0.1,0.01,0.05,0.1,1.4335000000000058,-158.438,1501.4335,1341.562
2024-11-11 04:17:24,110,430,320,240,0.1,0.01,0.05,0.1,216.5435,-41.328,1716.5435,1458.672
2024-11-11 04:17:24,175,330,320,240,0.1,0.01,0.05,0.1,-46.8615,17.082,1453.1385,1517.082
2024-11-11 04:17:24,269,249,320,240,0.1,0.01,0.05,0.1,-74.6505,15.673000000000002,1425.3495,1515.673
2024-11-11 04:17:24,390,214,320,240,0.1,0.01,0.05,0.1,-37.1605,-3.8009999999999984,1462.8395,1496.199
2024-11-11 04:17:25,377,360,320,240,0.1,0.01,0.05,0.1,28.082500000000007,-109.021,1528.0825,1390.979
2024-11-11 04:17:25,483,399,320,240,0.1,0.01,0.05,0.1,-55.4905,-59.58,1444.5095000000001,1440.42
2024-11-11 04:17:25,575,440,320,240,0.1,0.01,0.05,0.1,-28.085499999999996,-64.88,1471.9145,1435.12
2024-11-11 04:17:26,200,334,320,240,0.1,0.01,0.05,0.1,178.4545,19.125999999999998,1678.4545,1519.126
2024-11-11 04:17:26,241,245,320,240,0.1,0.01,0.05,0.1,-29.506499999999996,19.520999999999997,1470.4935,1519.521
2024-11-11 04:17:27,297,168,320,240,0.1,0.01,0.05,0.1,-3.3434999999999917,21.292999999999996,1496.6565,1521.293
2024-11-11 04:17:27,360,145,320,240,0.1,0.01,0.05,0.1,11.206500000000005,-3.3120000000000047,1511.2065,1496.688
2024-11-11 04:17:27,436,159,320,240,0.1,0.01,0.05,0.1,-15.759499999999996,-23.131000000000007,1484.2405,1476.869
2024-11-11 04:17:27,512,167,320,240,0.1,0.01,0.05,0.1,-53.97149999999999,-20.858,1446.0285,1479.142
2024-11-11 04:17:27,574,169,320,240,0.1,0.01,0.05,0.1,-52.455499999999994,-17.987000000000002,1447.5445,1482.013
2024-11-11 04:17:27,617,190,320,240,0.1,0.01,0.05,0.1,-16.772499999999994,-29.537000000000003,1483.2275,1470.463
2024-11-11 04:17:27,632,255,320,240,0.1,0.01,0.05,0.1,14.30550000000001,-58.05200000000001,1514.3055,1441.948
2024-11-11 04:17:27,622,334,320,240,0.1,0.01,0.05,0.1,11.06350000000001,-73.046,1511.0635,1426.954
2024-11-11 04:17:27,591,385,320,240,0.1,0.01,0.05,0.1,-0.7674999999999859,-64.291,1499.2325,1435.709
2024-11-11 04:17:27,543,414,320,240,0.1,0.01,0.05,0.1,18.819500000000012,-56.36500000000001,1518.8195,1443.635
2024-11-11 04:17:27,486,450,320,240,0.1,0.01,0.05,0.1,52.35350000000001,-63.675000000000004,1552.3535,1436.325
2024-11-11 04:17:27,187,446,320,240,0.1,0.01,0.05,0.1,168.94650000000001,-43.48100000000001,1668.9465,1456.519
2024-11-11 04:17:28,109,408,320,240,0.1,0.01,0.05,0.1,84.12750000000001,-22.849000000000004,1584.1275,1477.151
2024-11-11 04:17:28,44,364,320,240,0.1,0.01,0.05,0.1,77.96350000000001,-15.573000000000008,1577.9635,1484.427
2024-11-11 04:17:28,3,287,320,240,0.1,0.01,0.05,0.1,50.02050000000001,8.579999999999995,1550.0205,1508.58
2024-11-11 04:17:28,1,194,320,240,0.1,0.01,0.05,0.1,22.249500000000012,25.925999999999995,1522.2495,1525.926
2024-11-11 04:17:28,1,101,320,240,0.1,0.01,0.05,0.1,46.678500000000014,35.364999999999995,1546.6785,1535.365
2024-11-11 04:17:28,41,49,320,240,0.1,0.01,0.05,0.1,36.88750000000002,20.255999999999997,1536.8875,1520.256
2024-11-11 04:17:29,301,37,320,240,0.1,0.01,0.05,0.1,-54.433499999999995,1.6589999999999954,1445.5665,1501.659
2024-11-11 04:17:29,336,129,320,240,0.1,0.01,0.05,0.1,32.540500000000016,-59.43000000000001,1532.5405,1440.57
2024-11-11 04:17:29,337,203,320,240,0.1,0.01,0.05,0.1,36.443500000000014,-57.793000000000006,1536.4435,1442.2069999999999
2024-11-11 04:17:29,310,271,320,240,0.1,0.01,0.05,0.1,70.55350000000001,-61.62400000000001,1570.5535,1438.376
2024-11-11 04:17:29,280,367,320,240,0.1,0.01,0.05,0.1,95.43350000000001,-85.351,1595.4335,1414.649
2024-11-11 04:17:29,269,471,320,240,0.1,0.01,0.05,0.1,77.84450000000001,-99.982,1577.8445,1400.018
2024-11-11 04:17:30,397,286,320,240,0.1,0.01,0.05,0.1,-49.72249999999998,62.971999999999994,1450.2775,1562.972
2024-11-11 04:17:30,535,329,320,240,0.1,0.01,0.05,0.1,-63.71749999999998,-55.417,1436.2825,1444.583
2024-11-11 04:17:30,619,408,320,240,0.1,0.01,0.05,0.1,-37.15649999999999,-81.48500000000001,1462.8435,1418.5149999999999
2024-11-11 04:17:31,58,381,320,240,0.1,0.01,0.05,0.1,311.6755,-25.926000000000002,1811.6755,1474.074
2024-11-11 04:17:31,117,279,320,240,0.1,0.01,0.05,0.1,-6.541499999999981,21.734999999999992,1493.4585,1521.735
2024-11-11 04:17:32,210,211,320,240,0.1,0.01,0.05,0.1,-24.51149999999998,11.563999999999993,1475.4885,1511.564
2024-11-11 04:17:32,325,177,320,240,0.1,0.01,0.05,0.1,-35.36649999999998,-1.9730000000000025,1464.6335,1498.027
2024-11-11 04:17:32,457,176,320,240,0.1,0.01,0.05,0.1,-52.283499999999975,-18.309000000000005,1447.7165,1481.691
2024-11-11 04:17:32,584,213,320,240,0.1,0.01,0.05,0.1,-23.577499999999986,-40.982,1476.4225000000001,1459.018
2024-11-11 04:17:32,638,308,320,240,0.1,0.01,0.05,0.1,5.704500000000017,-79.55000000000001,1505.7045,1420.45
2024-11-11 04:17:32,615,440,320,240,0.1,0.01,0.05,0.1,-1.3704999999999856,-111.45,1498.6295,1388.55
2024-11-11 04:17:33,89,402,320,240,0.1,0.01,0.05,0.1,264.3005,-22.811999999999998,1764.3005,1477.188
2024-11-11 04:17:33,59,304,320,240,0.1,0.01,0.05,0.1,36.54150000000001,16.923999999999992,1536.5415,1516.924
2024-11-11 04:17:33,51,206,320,240,0.1,0.01,0.05,0.1,46.41050000000001,26.757999999999996,1546.4105,1526.758
2024-11-11 04:17:33,83,134,320,240,0.1,0.01,0.05,0.1,31.447500000000016,21.063999999999997,1531.4475,1521.064
2024-11-11 04:17:33,163,79,320,240,0.1,0.01,0.05,0.1,-7.9454999999999885,18.224999999999998,1492.0545,1518.225
2024-11-11 04:17:33,272,40,320,240,0.1,0.01,0.05,0.1,-39.99749999999999,14.324999999999996,1460.0025,1514.325
2024-11-11 04:17:33,396,20,320,240,0.1,0.01,0.05,0.1,-57.36349999999999,7.044999999999995,1442.6365,1507.045
2024-11-11 04:17:33,513,27,320,240,0.1,0.01,0.05,0.1,-42.736499999999985,-6.942000000000004,1457.2635,1493.058
2024-11-11 04:17:33,603,81,320,240,0.1,0.01,0.05,0.1,-35.83949999999999,-35.683,1464.1605,1464.317
2024-11-11 04:17:33,637,172,320,240,0.1,0.01,0.05,0.1,-16.21649999999999,-63.215,1483.7835,1436.785
2024-11-11 04:17:33,638,265,320,240,0.1,0.01,0.05,0.1,-2.3844999999999907,-73.53999999999999,1497.6155,1426.46
2024-11-11 04:17:33,637,389,320,240,0.1,0.01,0.05,0.1,59.66850000000001,-101.589,1559.6685,1398.411
2024-11-11 04:17:34,224,394,320,240,0.1,0.01,0.05,0.1,194.42450000000002,-42.743,1694.4245,1457.257
2024-11-11 04:17:34,214,322,320,240,0.1,0.01,0.05,0.1,40.650500000000015,2.875,1540.6505,1502.875
2024-11-11 04:17:34,233,289,320,240,0.1,0.01,0.05,0.1,37.99750000000001,-13.374000000000002,1537.9975,1486.626
2024-11-11 04:17:34,290,276,320,240,0.1,0.01,0.05,0.1,-10.852499999999992,-22.110000000000003,1489.1475,1477.89
2024-11-11 04:17:34,369,266,320,240,0.1,0.01,0.05,0.1,-43.44149999999999,-22.636000000000003,1456.5585,1477.364
2024-11-11 04:17:34,456,279,320,240,0.1,0.01,0.05,0.1,-42.99749999999999,-35.475,1457.0025,1464.525
2024-11-11 04:17:35,63,440,320,240,0.1,0.01,0.05,0.1,216.4495,-125.775,1716.4495,1374.225
2024-11-11 04:17:35,108,381,320,240,0.1,0.01,0.05,0.1,48.62150000000001,-10.016000000000005,1548.6215,1489.984
2024-11-11 04:17:35,170,371,320,240,0.1,0.01,0.05,0.1,43.95150000000001,-33.647,1543.9515000000001,1466.353
2024-11-11 04:17:35,233,387,320,240,0.1,0.01,0.05,0.1,-2.651499999999995,-48.394,1497.3485,1451.606
2024-11-11 04:17:35,287,384,320,240,0.1,0.01,0.05,0.1,-29.788499999999992,-38.738,1470.2115000000001,1461.262
2024-11-11 04:17:35,327,398,320,240,0.1,0.01,0.05,0.1,12.074500000000011,-48.796,1512.0745,1451.204
2024-11-11 04:17:35,349,473,320,240,0.1,0.01,0.05,0.1,63.185500000000005,-87.029,1563.1855,1412.971
2024-11-11 04:17:36,35,60,320,240,0.1,0.01,0.05,0.1,239.59050000000002,198.451,1739.5905,1698.451
2024-11-11 04:17:36,198,78,320,240,0.1,0.01,0.05,0.1,13.162500000000009,-18.687000000000005,1513.1625,1481.313
2024-11-11 04:17:36,324,189,320,240,0.1,0.01,0.05,0.1,-15.031499999999998,-76.236,1484.9685,1423.764
2024-11-11 04:17:36,375,266,320,240,0.1,0.01,0.05,0.1,-58.0565,-66.962,1441.9435,1433.038
2024-11-11 04:17:36,357,284,320,240,0.1,0.01,0.05,0.1,-23.173499999999997,-39.306000000000004,1476.8265,1460.694
2024-11-11 04:17:36,291,309,320,240,0.1,0.01,0.05,0.1,81.9055,-45.37500000000001,1581.9055,1454.625
2024-11-11 04:17:36,199,363,320,240,0.1,0.01,0.05,0.1,133.7765,-65.39800000000001,1633.7765,1434.602
2024-11-11 04:17:37,126,369,320,240,0.1,0.01,0.05,0.1,85.7805,-42.12700000000001,1585.7805,1457.873
2024-11-11 04:17:37,94,297,320,240,0.1,0.01,0.05,0.1,18.99650000000001,4.015999999999995,1518.9965,1504.016
2024-11-11 04:17:37,106,196,320,240,0.1,0.01,0.05,0.1,10.480500000000006,28.659999999999997,1510.4805000000001,1528.66
2024-11-11 04:17:37,168,112,320,240,0.1,0.01,0.05,0.1,26.702500000000008,28.688,1526.7025,1528.688
2024-11-11 04:17:37,272,99,320,240,0.1,0.01,0.05,0.1,-1.3094999999999928,-5.371000000000002,1498.6905,1494.629
2024-11-11 04:17:37,394,133,320,240,0.1,0.01,0.05,0.1,-68.59349999999999,-32.164,1431.4065,1467.836
2024-11-11 04:17:37,498,174,320,240,0.1,0.01,0.05,0.1,-89.66149999999999,-39.69800000000001,1410.3385,1460.302
2024-11-11 04:17:37,202,458,320,240,0.1,0.01,0.05,0.1,178.2465,-189.816,1678.2465,1310.184
2024-11-11 04:17:37,212,418,320,240,0.1,0.01,0.05,0.1,40.9945,-23.994000000000014,1540.9945,1476.006
2024-11-11 04:17:38,257,392,320,240,0.1,0.01,0.05,0.1,6.307500000000007,-28.546000000000006,1506.3075000000001,1471.454
2024-11-11 04:17:38,321,387,320,240,0.1,0.01,0.05,0.1,10.736500000000008,-38.693000000000005,1510.7365,1461.307
2024-11-11 04:17:38,388,425,320,240,0.1,0.01,0.05,0.1,-0.331499999999993,-64.17800000000001,1499.6685,1435.822
2024-11-11 04:17:38,428,474,320,240,0.1,0.01,0.05,0.1,-28.749499999999994,-74.81200000000001,1471.2505,1425.188
2024-11-11 04:17:39,105,50,320,240,0.1,0.01,0.05,0.1,195.4255,204.278,1695.4255,1704.278
2024-11-11 04:17:39,312,53,320,240,0.1,0.01,0.05,0.1,8.133500000000012,-9.335000000000012,1508.1335,1490.665
2024-11-11 04:17:39,19,53,320,240,0.1,0.01,0.05,0.1,251.8845,-7.648000000000014,1751.8845000000001,1492.352
2024-11-11 04:17:40,485,154,320,240,0.1,0.01,0.05,0.1,-159.7705,-68.162,1340.2295,1431.838
2024-11-11 04:17:40,443,391,320,240,0.1,0.01,0.05,0.1,121.33650000000002,-160.013,1621.3365000000001,1339.987
2024-11-11 04:17:40,86,420,320,240,0.1,0.01,0.05,0.1,224.67050000000003,-59.09300000000001,1724.6705,1440.907
2024-11-11 04:17:40,26,331,320,240,0.1,0.01,0.05,0.1,83.73450000000001,8.715999999999987,1583.7345,1508.716
2024-11-11 04:17:40,12,218,320,240,0.1,0.01,0.05,0.1,37.7625,32.03799999999998,1537.7625,1532.038
2024-11-11 04:17:40,51,89,320,240,0.1,0.01,0.05,0.1,7.881500000000017,53.088999999999984,1507.8815,1553.089
2024-11-11 04:17:40,162,17,320,240,0.1,0.01,0.05,0.1,-5.68049999999999,32.011999999999986,1494.3195,1532.012
2024-11-11 04:17:40,354,22,320,240,0.1,0.01,0.05,0.1,-33.09449999999998,-6.77000000000001,1466.9055,1493.23
2024-11-11 04:17:40,586,134,320,240,0.1,0.01,0.05,0.1,-102.7705,-71.364,1397.2295,1428.636
2024-11-11 04:17:41,51,234,320,240,0.1,0.01,0.05,0.1,308.5985,-75.358,1808.5985,1424.642
2024-11-11 04:17:41,189,175,320,240,0.1,0.01,0.05,0.1,-43.21049999999998,10.106999999999989,1456.7895,1510.107
2024-11-11 04:17:41,328,177,320,240,0.1,0.01,0.05,0.1,-9.228499999999986,-20.53000000000001,1490.7715,1479.47
2024-11-11 04:17:41,476,414,320,240,0.1,0.01,0.05,0.1,-79.44449999999999,-161.904,1420.5555,1338.096
2024-11-11 04:17:42,443,344,320,240,0.1,0.01,0.05,0.1,30.452500000000004,-1.5080000000000098,1530.4525,1498.492
2024-11-11 04:17:42,430,445,320,240,0.1,0.01,0.05,0.1,-10.62749999999999,-97.31300000000002,1489.3725,1402.687
2024-11-11 04:17:43,0,416,320,240,0.1,0.01,0.05,0.1,264.9425,-29.589000000000013,1764.9425,1470.411
2024-11-11 04:17:43,0,111,320,240,0.1,0.01,0.05,0.1,60.00250000000001,139.04,1560.0025,1639.04
2024-11-11 04:17:43,78,36,320,240,0.1,0.01,0.05,0.1,-4.88549999999999,31.743999999999993,1495.1145,1531.744
2024-11-11 04:17:43,604,338,320,240,0.1,0.01,0.05,0.1,-208.0895,-187.05400000000003,1291.9105,1312.946
2024-11-11 04:17:44,114,429,320,240,0.1,0.01,0.05,0.1,229.2665,-90.84300000000002,1729.2665,1409.157
2024-11-11 04:17:44,176,303,320,240,0.1,0.01,0.05,0.1,-41.55949999999999,30.19399999999999,1458.4405,1530.194
2024-11-11 04:17:44,275,252,320,240,0.1,0.01,0.05,0.1,-13.09449999999999,-2.2180000000000106,1486.9055,1497.782
2024-11-11 04:17:44,399,318,320,240,0.1,0.01,0.05,0.1,-4.403499999999994,-67.39600000000002,1495.5965,1432.604
2024-11-11 04:17:44,492,456,320,240,0.1,0.01,0.05,0.1,-13.445499999999996,-117.412,1486.5545,1382.588
2024-11-11 04:17:45,233,301,320,240,0.1,0.01,0.05,0.1,195.5415,44.52699999999999,1695.5415,1544.527
2024-11-11 04:17:45,196,380,320,240,0.1,0.01,0.05,0.1,97.18550000000002,-80.513,1597.1855,1419.487
2024-11-11 04:17:45,116,430,320,240,0.1,0.01,0.05,0.1,111.2595,-71.203,1611.2595000000001,1428.797
2024-11-11 04:17:45,46,423,320,240,0.1,0.01,0.05,0.1,95.21350000000001,-42.186000000000014,1595.2135,1457.814
2024-11-11 04:17:45,0,372,320,240,0.1,0.01,0.05,0.1,80.1135,-15.21800000000001,1580.1135,1484.782
2024-11-11 04:17:45,0,281,320,240,0.1,0.01,0.05,0.1,49.34350000000001,13.840999999999987,1549.3435,1513.841
2024-11-11 04:17:45,0,174,320,240,0.1,0.01,0.05,0.1,42.413500000000006,32.606999999999985,1542.4135,1532.607
2024-11-11 04:17:45,5,59,320,240,0.1,0.01,0.05,0.1,39.7685,48.28799999999999,1539.7685,1548.288
2024-11-11 04:17:46,638,133,320,240,0.1,0.01,0.05,0.1,-284.0795,-53.50500000000001,1215.9205,1446.495
2024-11-11 04:17:46,612,452,320,240,0.1,0.01,0.05,0.1,-49.39149999999999,-208.11700000000002,1450.6085,1291.883
2024-11-11 04:17:46,94,431,320,240,0.1,0.01,0.05,0.1,279.2745,-36.20800000000001,1779.2745,1463.792
2024-11-11 04:17:46,128,329,320,240,0.1,0.01,0.05,0.1,12.056500000000007,14.402999999999984,1512.0565,1514.403
2024-11-11 04:17:46,208,256,320,240,0.1,0.01,0.05,0.1,-2.5714999999999977,7.186999999999987,1497.4285,1507.187
2024-11-11 04:17:46,318,227,320,240,0.1,0.01,0.05,0.1,-37.8095,-11.90000000000001,1462.1905,1488.1
2024-11-11 04:17:46,435,228,320,240,0.1,0.01,0.05,0.1,-69.33449999999999,-26.988000000000014,1430.6655,1473.012
2024-11-11 04:17:46,532,253,320,240,0.1,0.01,0.05,0.1,-71.31649999999999,-41.50100000000002,1428.6835,1458.499
2024-11-11 04:17:47,591,332,320,240,0.1,0.01,0.05,0.1,-14.367499999999994,-76.49300000000001,1485.6325,1423.507
2024-11-11 04:17:47,589,439,320,240,0.1,0.01,0.05,0.1,35.453500000000005,-101.39200000000001,1535.4535,1398.608
2024-11-11 04:17:48,468,77,320,240,0.1,0.01,0.05,0.1,109.53550000000001,169.471,1609.5355,1669.471
2024-11-11 04:17:49,502,349,320,240,0.1,0.01,0.05,0.1,-70.97649999999999,-174.83800000000002,1429.0235,1325.162
2024-11-11 04:17:49,389,387,320,240,0.1,0.01,0.05,0.1,54.03450000000001,-61.78500000000001,1554.0345,1438.215
2024-11-11 04:17:49,258,412,320,240,0.1,0.01,0.05,0.1,123.84650000000002,-57.95700000000001,1623.8465,1442.043
2024-11-11 04:17:49,149,405,320,240,0.1,0.01,0.05,0.1,115.2775,-41.42200000000001,1615.2775,1458.578
2024-11-11 04:17:49,95,341,320,240,0.1,0.01,0.05,0.1,63.03250000000001,-6.623000000000005,1563.0325,1493.377
2024-11-11 04:17:49,101,239,320,240,0.1,0.01,0.05,0.1,12.95150000000001,22.577999999999992,1512.9515000000001,1522.578
2024-11-11 04:17:49,163,143,320,240,0.1,0.01,0.05,0.1,9.048500000000002,29.27499999999999,1509.0485,1529.275
2024-11-11 04:17:49,264,97,320,240,0.1,0.01,0.05,0.1,-17.1655,9.017999999999994,1482.8345,1509.018
2024-11-11 04:17:49,355,73,320,240,0.1,0.01,0.05,0.1,-57.9205,0.5849999999999902,1442.0795,1500.585
2024-11-11 04:17:49,438,41,320,240,0.1,0.01,0.05,0.1,-63.688500000000005,7.983999999999995,1436.3115,1507.984
2024-11-11 04:17:49,519,39,320,240,0.1,0.01,0.05,0.1,-43.75750000000001,-6.615000000000009,1456.2425,1493.385
2024-11-11 04:17:49,603,91,320,240,0.1,0.01,0.05,0.1,-28.820500000000003,-38.66600000000001,1471.1795,1461.334
2024-11-11 04:17:49,638,192,320,240,0.1,0.01,0.05,0.1,-1.7285000000000075,-73.218,1498.2715,1426.782
2024-11-11 04:17:50,443,257,320,240,0.1,0.01,0.05,0.1,82.76849999999999,-61.735,1582.7685,1438.265
2024-11-11 04:17:50,568,275,320,240,0.1,0.01,0.05,0.1,-41.34950000000001,-40.07000000000001,1458.6505,1459.93
2024-11-11 04:17:50,633,396,320,240,0.1,0.01,0.05,0.1,-8.762500000000014,-103.82600000000001,1491.2375,1396.174
2024-11-11 04:17:51,0,348,320,240,0.1,0.01,0.05,0.1,368.95750000000004,-14.634000000000007,1868.9575,1485.366
2024-11-11 04:17:51,52,270,320,240,0.1,0.01,0.05,0.1,36.79549999999999,8.135999999999996,1536.7955,1508.136
2024-11-11 04:17:51,186,260,320,240,0.1,0.01,0.05,0.1,-5.330500000000011,-24.884000000000007,1494.6695,1475.116
2024-11-11 04:17:51,314,307,320,240,0.1,0.01,0.05,0.1,-17.514500000000012,-58.151,1482.4855,1441.849
2024-11-11 04:17:52,223,303,320,240,0.1,0.01,0.05,0.1,107.57249999999999,-32.31400000000001,1607.5725,1467.686
2024-11-11 04:17:52,182,363,320,240,0.1,0.01,0.05,0.1,60.15049999999999,-70.43700000000001,1560.1505,1429.563
2024-11-11 04:17:53,117,370,320,240,0.1,0.01,0.05,0.1,85.64349999999999,-44.76700000000001,1585.6435,1455.233
2024-11-11 04:17:53,48,356,320,240,0.1,0.01,0.05,0.1,104.08549999999998,-32.983000000000004,1604.0855,1467.017
2024-11-11 04:17:53,0,303,320,240,0.1,0.01,0.05,0.1,88.6455,-8.24600000000001,1588.6455,1491.754
2024-11-11 04:17:53,623,47,320,240,0.1,0.01,0.05,0.1,-277.7375,119.047,1222.2625,1619.047
2024-11-11 04:17:53,594,439,320,240,0.1,0.01,0.05,0.1,-34.64150000000002,-244.352,1465.3585,1255.648
2024-11-11 04:17:54,110,440,320,240,0.1,0.01,0.05,0.1,240.2285,-49.15200000000001,1740.2285,1450.848
2024-11-11 04:17:54,102,327,320,240,0.1,0.01,0.05,0.1,33.99649999999998,19.060999999999993,1533.9965,1519.061
2024-11-11 04:17:54,147,245,320,240,0.1,0.01,0.05,0.1,31.17949999999999,11.755999999999993,1531.1795,1511.756
2024-11-11 04:17:54,243,199,320,240,0.1,0.01,0.05,0.1,-14.263500000000013,-1.603000000000005,1485.7365,1498.397
2024-11-11 04:17:54,351,157,320,240,0.1,0.01,0.05,0.1,-81.20450000000001,0.6799999999999962,1418.7955,1500.68
2024-11-11 04:17:54,451,105,320,240,0.1,0.01,0.05,0.1,-94.81550000000001,11.014999999999993,1405.1845,1511.015
2024-11-11 04:17:54,538,85,320,240,0.1,0.01,0.05,0.1,-17.923500000000015,-2.8300000000000054,1482.0765,1497.17
2024-11-11 04:17:54,590,164,320,240,0.1,0.01,0.05,0.1,47.34649999999999,-60.154,1547.3465,1439.846
2024-11-11 04:17:54,619,281,320,240,0.1,0.01,0.05,0.1,-40.802500000000016,-90.89500000000001,1459.1975,1409.105
2024-11-11 04:17:54,637,287,320,240,0.1,0.01,0.05,0.1,-129.4095,-36.042,1370.5905,1463.958
2024-11-11 04:17:55,546,243,320,240,0.1,0.01,0.05,0.1,19.87449999999999,-6.645000000000007,1519.8745,1493.355
2024-11-11 04:17:55,599,210,320,240,0.1,0.01,0.05,0.1,-110.15450000000001,-8.815000000000005,1389.8455,1491.185
2024-11-11 04:17:55,636,146,320,240,0.1,0.01,0.05,0.1,-65.40050000000002,13.178999999999995,1434.5995,1513.179
2024-11-11 04:17:55,637,157,320,240,0.1,0.01,0.05,0.1,34.34249999999999,-25.338,1534.3425,1474.662
2024-11-11 04:17:55,638,240,320,240,0.1,0.01,0.05,0.1,32.8445,-69.638,1532.8445,1430.362
2024-11-11 04:17:56,594,452,320,240,0.1,0.01,0.05,0.1,-19.169500000000017,-155.55,1480.8305,1344.45
2024-11-11 04:17:56,238,419,320,240,0.1,0.01,0.05,0.1,168.10249999999996,-29.929000000000002,1668.1025,1470.071
2024-11-11 04:17:56,208,339,320,240,0.1,0.01,0.05,0.1,26.094499999999986,1.4719999999999942,1526.0945,1501.472
2024-11-11 04:17:56,198,273,320,240,0.1,0.01,0.05,0.1,42.136499999999984,1.0389999999999944,1542.1365,1501.039
2024-11-11 04:17:56,205,220,320,240,0.1,0.01,0.05,0.1,24.471499999999978,-0.14100000000000534,1524.4714999999999,1499.859
2024-11-11 04:17:56,220,154,320,240,0.1,0.01,0.05,0.1,-11.178500000000014,13.044999999999995,1488.8215,1513.045
2024-11-11 04:17:57,237,75,320,240,0.1,0.01,0.05,0.1,-14.635500000000015,27.609999999999996,1485.3645,1527.61
2024-11-11 04:17:57,573,43,320,240,0.1,0.01,0.05,0.1,-163.26850000000002,7.506999999999994,1336.7314999999999,1507.507
2024-11-11 04:17:57,596,91,320,240,0.1,0.01,0.05,0.1,-7.554500000000019,-37.144000000000005,1492.4455,1462.856
2024-11-11 04:17:57,593,156,320,240,0.1,0.01,0.05,0.1,32.02249999999998,-52.06,1532.0225,1447.94
2024-11-11 04:17:57,561,238,320,240,0.1,0.01,0.05,0.1,49.95149999999998,-68.75800000000001,1549.9515,1431.242
2024-11-11 04:17:57,492,303,320,240,0.1,0.01,0.05,0.1,50.26949999999999,-66.82100000000001,1550.2694999999999,1433.179
2024-11-11 04:17:57,395,327,320,240,0.1,0.01,0.05,0.1,50.42449999999998,-48.80800000000001,1550.4245,1451.192
2024-11-11 04:17:57,300,321,320,240,0.1,0.01,0.05,0.1,64.37449999999998,-33.28900000000001,1564.3745,1466.711
2024-11-11 04:17:57,195,307,320,240,0.1,0.01,0.05,0.1,96.6595,-27.956000000000003,1596.6595,1472.044
2024-11-11 04:17:58,109,298,320,240,0.1,0.01,0.05,0.1,91.22049999999999,-29.614000000000004,1591.2205,1470.386
2024-11-11 04:17:58,48,273,320,240,0.1,0.01,0.05,0.1,73.64249999999998,-19.14700000000001,1573.6425,1480.853
2024-11-11 04:17:58,12,226,320,240,0.1,0.01,0.05,0.1,66.66049999999998,-3.433000000000007,1566.6605,1496.567
2024-11-11 04:17:58,1,176,320,240,0.1,0.01,0.05,0.1,69.18949999999998,3.130999999999993,1569.1895,1503.131
2024-11-11 04:17:58,1,135,320,240,0.1,0.01,0.05,0.1,63.178499999999985,2.835999999999995,1563.1785,1502.836
2024-11-11 04:17:58,0,92,320,240,0.1,0.01,0.05,0.1,53.11849999999998,8.283999999999995,1553.1185,1508.284
2024-11-11 04:17:58,17,56,320,240,0.1,0.01,0.05,0.1,40.891499999999986,8.567999999999998,1540.8915,1508.568
2024-11-11 04:17:58,26,33,320,240,0.1,0.01,0.05,0.1,55.595499999999994,4.574999999999999,1555.5955,1504.575
2024-11-11 04:17:58,28,19,320,240,0.1,0.01,0.05,0.1,63.427499999999995,1.6959999999999944,1563.4275,1501.696
2024-11-11 04:17:58,191,21,320,240,0.1,0.01,0.05,0.1,-14.043500000000009,-6.285000000000004,1485.9565,1493.715
2024-11-11 04:17:58,243,76,320,240,0.1,0.01,0.05,0.1,28.883499999999987,-38.121,1528.8835,1461.879
2024-11-11 04:17:58,270,140,320,240,0.1,0.01,0.05,0.1,39.29349999999998,-48.92100000000001,1539.2935,1451.079
2024-11-11 04:17:59,264,212,320,240,0.1,0.01,0.05,0.1,65.5195,-60.093,1565.5194999999999,1439.907
2024-11-11 04:17:59,225,294,320,240,0.1,0.01,0.05,0.1,97.38449999999999,-73.34700000000001,1597.3845,1426.653
2024-11-11 04:17:59,163,379,320,240,0.1,0.01,0.05,0.1,113.85149999999999,-83.486,1613.8515,1416.514
2024-11-11 04:17:59,92,439,320,240,0.1,0.01,0.05,0.1,114.29949999999998,-77.185,1614.2995,1422.815
2024-11-11 04:17:59,54,443,320,240,0.1,0.01,0.05,0.1,95.46549999999999,-49.78800000000001,1595.4655,1450.212
2024-11-11 04:17:59,25,449,320,240,0.1,0.01,0.05,0.1,95.45049999999998,-51.59700000000001,1595.4505,1448.403
2024-11-11 04:18:00,123,264,320,240,0.1,0.01,0.05,0.1,12.897499999999988,62.37899999999999,1512.8975,1562.379
2024-11-11 04:18:00,109,317,320,240,0.1,0.01,0.05,0.1,76.60849999999999,-61.998000000000005,1576.6085,1438.002
2024-11-11 04:18:00,69,377,320,240,0.1,0.01,0.05,0.1,108.6595,-71.635,1608.6595,1428.365
2024-11-11 04:18:00,38,417,320,240,0.1,0.01,0.05,0.1,107.02149999999997,-65.812,1607.0215,1434.188
2024-11-11 04:18:00,10,439,320,240,0.1,0.01,0.05,0.1,87.71149999999999,-59.211000000000006,1587.7115,1440.789
2024-11-11 04:18:01,30,55,320,240,0.1,0.01,0.05,0.1,91.70149999999998,182.374,1591.7015,1682.374
2024-11-11 04:18:01,98,78,320,240,0.1,0.01,0.05,0.1,38.30349999999998,-23.264000000000006,1538.3035,1476.736
2024-11-11 04:18:01,165,122,320,240,0.1,0.01,0.05,0.1,6.778499999999974,-38.04600000000001,1506.7785,1461.954
2024-11-11 04:18:01,200,157,320,240,0.1,0.01,0.05,0.1,36.78849999999998,-36.963,1536.7884999999999,1463.037
2024-11-11 04:18:01,206,221,320,240,0.1,0.01,0.05,0.1,86.47249999999997,-57.844,1586.4724999999999,1442.156
2024-11-11 04:18:01,176,314,320,240,0.1,0.01,0.05,0.1,108.88649999999998,-81.718,1608.8865,1418.282
2024-11-11 04:18:01,114,381,320,240,0.1,0.01,0.05,0.1,98.56249999999999,-75.559,1598.5625,1424.441
2024-11-11 04:18:01,47,381,320,240,0.1,0.01,0.05,0.1,85.89549999999998,-42.2,1585.8955,1457.8
2024-11-11 04:18:01,2,332,320,240,0.1,0.01,0.05,0.1,86.47349999999997,-12.892000000000003,1586.4735,1487.108
2024-11-11 04:18:02,572,446,320,240,0.1,0.01,0.05,0.1,-354.06850000000003,-105.99799999999999,1145.9315,1394.002
2024-11-11 04:18:02,401,415,320,240,0.1,0.01,0.05,0.1,102.1505,-30.572999999999993,1602.1505,1469.427
2024-11-11 04:18:02,338,385,320,240,0.1,0.01,0.05,0.1,80.79249999999999,-28.217999999999996,1580.7925,1471.782
2024-11-11 04:18:02,360,386,320,240,0.1,0.01,0.05,0.1,20.48249999999998,-43.964,1520.4825,1456.036
2024-11-11 04:18:03,441,377,320,240,0.1,0.01,0.05,0.1,-62.53850000000001,-38.20099999999999,1437.4615,1461.799
2024-11-11 04:18:03,540,375,320,240,0.1,0.01,0.05,0.1,-82.09850000000002,-41.635999999999996,1417.9015,1458.364
2024-11-11 04:18:03,596,416,320,240,0.1,0.01,0.05,0.1,-24.21450000000002,-67.41199999999999,1475.7855,1432.588
2024-11-11 04:18:03,0,362,320,240,0.1,0.01,0.05,0.1,370.91549999999995,-14.633999999999993,1870.9155,1485.366
2024-11-11 04:18:04,45,316,320,240,0.1,0.01,0.05,0.1,50.40049999999998,-14.109999999999992,1550.4005,1485.89
2024-11-11 04:18:04,142,324,320,240,0.1,0.01,0.05,0.1,27.77849999999999,-41.99399999999999,1527.7785,1458.006
2024-11-11 04:18:04,241,405,320,240,0.1,0.01,0.05,0.1,37.27749999999999,-86.75899999999999,1537.2775,1413.241
2024-11-11 04:18:05,419,146,320,240,0.1,0.01,0.05,0.1,-132.4615,109.23500000000001,1367.5385,1609.2350000000001
2024-11-11 04:18:05,434,132,320,240,0.1,0.01,0.05,0.1,-89.66550000000001,-11.756999999999987,1410.3345,1488.243
2024-11-11 04:18:05,445,68,320,240,0.1,0.01,0.05,0.1,-10.330500000000015,19.81500000000001,1489.6695,1519.815
2024-11-11 04:18:05,473,87,320,240,0.1,0.01,0.05,0.1,69.11649999999999,-23.431999999999988,1569.1165,1476.568
2024-11-11 04:18:05,521,190,320,240,0.1,0.01,0.05,0.1,3.4954999999999856,-75.68199999999999,1503.4955,1424.318
2024-11-11 04:18:05,577,227,320,240,0.1,0.01,0.05,0.1,-112.84150000000001,-46.368999999999986,1387.1585,1453.631
2024-11-11 04:18:05,619,179,320,240,0.1,0.01,0.05,0.1,-118.71050000000002,0.9920000000000115,1381.2894999999999,1500.992
2024-11-11 04:18:05,638,162,320,240,0.1,0.01,0.05,0.1,-8.148500000000016,-12.729999999999986,1491.8515,1487.27
2024-11-11 04:18:05,638,261,320,240,0.1,0.01,0.05,0.1,47.76349999999998,-80.65099999999998,1547.7635,1419.349
2024-11-11 04:18:07,31,110,320,240,0.1,0.01,0.05,0.1,359.53249999999997,59.579000000000015,1859.5325,1559.579
2024-11-11 04:18:07,78,74,320,240,0.1,0.01,0.05,0.1,46.59449999999998,5.845000000000013,1546.5945,1505.845
2024-11-11 04:18:08,99,55,320,240,0.1,0.01,0.05,0.1,62.255499999999984,-0.5699999999999861,1562.2555,1499.43
2024-11-11 04:18:08,132,45,320,240,0.1,0.01,0.05,0.1,42.93349999999998,-3.874999999999986,1542.9335,1496.125
2024-11-11 04:18:08,186,29,320,240,0.1,0.01,0.05,0.1,12.257499999999984,0.9360000000000142,1512.2575,1500.936
2024-11-11 04:18:08,559,36,320,240,0.1,0.01,0.05,0.1,-153.39150000000004,-11.059999999999985,1346.6085,1488.94
2024-11-11 04:18:08,638,176,320,240,0.1,0.01,0.05,0.1,-50.02950000000001,-91.49599999999998,1449.9705,1408.504
2024-11-11 04:18:08,602,446,320,240,0.1,0.01,0.05,0.1,17.638499999999976,-183.702,1517.6385,1316.298
2024-11-11 04:18:12,34,216,320,240,0.1,0.01,0.05,0.1,281.4145,89.32200000000002,1781.4144999999999,1589.3220000000001
2024-11-11 04:18:12,177,58,320,240,0.1,0.01,0.05,0.1,-122.77250000000002,69.30400000000002,1377.2275,1569.304
2024-11-11 04:18:13,625,207,320,240,0.1,0.01,0.05,0.1,-226.6475,-99.06299999999999,1273.3525,1400.937
2024-11-11 04:18:13,430,38,320,240,0.1,0.01,0.05,0.1,105.20249999999999,77.03900000000002,1605.2024999999999,1577.039
2024-11-11 04:18:14,510,143,320,240,0.1,0.01,0.05,0.1,-89.83750000000002,-70.36399999999999,1410.1625,1429.636
2024-11-11 04:18:14,474,187,320,240,0.1,0.01,0.05,0.1,-23.421500000000016,-44.210999999999984,1476.5785,1455.789
2024-11-11 04:18:14,394,203,320,240,0.1,0.01,0.05,0.1,64.17449999999998,-31.77399999999999,1564.1745,1468.226
2024-11-11 04:18:14,327,219,320,240,0.1,0.01,0.05,0.1,82.45749999999998,-33.35299999999999,1582.4575,1466.647
2024-11-11 04:18:14,315,218,320,240,0.1,0.01,0.05,0.1,45.44249999999998,-24.73099999999999,1545.4424999999999,1475.269
2024-11-11 04:18:14,374,203,320,240,0.1,0.01,0.05,0.1,-13.39150000000002,-16.193999999999992,1486.6085,1483.806
2024-11-11 04:18:14,495,196,320,240,0.1,0.01,0.05,0.1,-66.79650000000002,-19.44999999999999,1433.2035,1480.55
2024-11-11 04:18:14,619,205,320,240,0.1,0.01,0.05,0.1,-106.87550000000002,-28.31499999999999,1393.1245,1471.685
2024-11-11 04:18:16,497,438,320,240,0.1,0.01,0.05,0.1,39.00749999999998,-163.813,1539.0075,1336.187
2024-11-11 04:18:16,577,381,320,240,0.1,0.01,0.05,0.1,-77.44950000000003,-13.25399999999999,1422.5505,1486.746
2024-11-11 04:18:17,633,321,320,240,0.1,0.01,0.05,0.1,-47.452500000000015,-5.834999999999994,1452.5475,1494.165
2024-11-11 04:18:17,638,283,320,240,0.1,0.01,0.05,0.1,-11.06050000000002,-13.077999999999989,1488.9395,1486.922
2024-11-11 04:18:17,604,47,320,240,0.1,0.01,0.05,0.1,14.015499999999976,109.715,1514.0155,1609.715
2024-11-11 04:18:17,475,36,320,240,0.1,0.01,0.05,0.1,76.38049999999998,-1.4809999999999874,1576.3805,1498.519
2024-11-11 04:18:17,342,32,320,240,0.1,0.01,0.05,0.1,99.54849999999999,-4.372999999999987,1599.5484999999999,1495.627
2024-11-11 04:18:18,237,39,320,240,0.1,0.01,0.05,0.1,100.7815,-10.37199999999999,1600.7815,1489.628
2024-11-11 04:18:18,133,57,320,240,0.1,0.01,0.05,0.1,111.25849999999998,-17.488999999999987,1611.2585,1482.511
2024-11-11 04:18:18,39,85,320,240,0.1,0.01,0.05,0.1,115.80949999999999,-25.133999999999986,1615.8095,1474.866
2024-11-11 04:18:20,0,314,320,240,0.1,0.01,0.05,0.1,113.8595,-148.608,1613.8595,1351.392
2024-11-11 04:18:21,612,440,320,240,0.1,0.01,0.05,0.1,-377.7025,-109.90799999999999,1122.2975000000001,1390.092
2024-11-11 04:18:22,447,463,320,240,0.1,0.01,0.05,0.1,71.49049999999998,-60.93099999999999,1571.4904999999999,1439.069
2024-11-11 04:18:23,125,118,320,240,0.1,0.01,0.05,0.1,218.79549999999998,157.691,1718.7955,1657.691
2024-11-11 04:18:23,79,103,320,240,0.1,0.01,0.05,0.1,116.96649999999998,-5.671999999999992,1616.9665,1494.328
2024-11-11 04:18:23,38,72,320,240,0.1,0.01,0.05,0.1,91.05849999999998,5.596000000000007,1591.0585,1505.596
2024-11-11 04:18:25,477,304,320,240,0.1,0.01,0.05,0.1,-242.00850000000003,-149.168,1257.9915,1350.8319999999999
2024-11-11 04:18:25,469,281,320,240,0.1,0.01,0.05,0.1,12.632499999999984,-19.408999999999995,1512.6325,1480.591
2024-11-11 04:18:25,541,305,320,240,0.1,0.01,0.05,0.1,-26.268500000000017,-45.373999999999995,1473.7314999999999,1454.626
2024-11-11 04:18:25,638,384,320,240,0.1,0.01,0.05,0.1,-68.48650000000002,-80.91799999999999,1431.5135,1419.082
2024-11-11 04:18:28,536,350,320,240,0.1,0.01,0.05,0.1,26.49749999999998,-21.127999999999993,1526.4975,1478.872
2024-11-11 04:18:28,479,304,320,240,0.1,0.01,0.05,0.1,-3.4715000000000202,-10.591999999999992,1496.5285,1489.408
2024-11-11 04:18:28,474,235,320,240,0.1,0.01,0.05,0.1,-27.025500000000022,7.813000000000006,1472.9745,1507.813
2024-11-11 04:18:28,510,174,320,240,0.1,0.01,0.05,0.1,-41.65550000000002,9.979000000000006,1458.3445,1509.979
2024-11-11 04:18:28,573,140,320,240,0.1,0.01,0.05,0.1,-56.68850000000002,-0.02099999999999369,1443.3115,1499.979
2024-11-11 04:18:28,638,118,320,240,0.1,0.01,0.05,0.1,-73.56650000000002,-3.6989999999999963,1426.4335,1496.301
2024-11-11 04:18:29,605,442,320,240,0.1,0.01,0.05,0.1,6.208499999999978,-209.301,1506.2085,1290.699
2024-11-11 04:18:32,463,248,320,240,0.1,0.01,0.05,0.1,79.76549999999996,69.09100000000001,1579.7655,1569.091
2024-11-11 04:18:32,610,342,320,240,0.1,0.01,0.05,0.1,-126.07450000000003,-84.411,1373.9255,1415.589
2024-11-11 04:18:33,610,232,320,240,0.1,0.01,0.05,0.1,3.625499999999976,28.59700000000001,1503.6254999999999,1528.597
2024-11-11 04:18:33,523,360,320,240,0.1,0.01,0.05,0.1,21.682499999999973,-103.323,1521.6825,1396.677
2024-11-11 04:18:33,466,380,320,240,0.1,0.01,0.05,0.1,15.176499999999972,-51.462999999999994,1515.1765,1448.537
2024-11-11 04:18:33,465,390,320,240,0.1,0.01,0.05,0.1,9.201499999999973,-47.61299999999999,1509.2015,1452.387
2024-11-11 04:18:33,517,430,320,240,0.1,0.01,0.05,0.1,-24.855500000000028,-66.803,1475.1444999999999,1433.1970000000001
2024-11-11 04:18:34,144,22,320,240,0.1,0.01,0.05,0.1,215.6905,198.215,1715.6905,1698.215
